[
    {
        "timestamp": "Sat May 17 16:54:40 2025",
        "value": 23.5
    },
    {
        "timestamp": "Sat May 17 16:54:40 2025",
        "value": 54.2
    },
    {
        "timestamp": "Sat May 17 16:54:40 2025",
        "value": 14.8
    },
    {
        "timestamp": "Sat May 17 16:54:40 2025",
        "value": 27.0
    },
    {
        "timestamp": "Sat May 17 16:55:00 2025",
        "value": 23.5
    },
    {
        "timestamp": "Sat May 17 16:55:00 2025",
        "value": 54.2
    },
    {
        "timestamp": "Sat May 17 16:55:00 2025",
        "value": 14.8
    },
    {
        "timestamp": "Sat May 17 16:55:00 2025",
        "value": 27.0
    }
]