<?xml version="1.0"?>
<doc>
    <assembly>
        <name>Microsoft.Extensions.Configuration.EnvironmentVariables</name>
    </assembly>
    <members>
        <member name="T:Microsoft.Extensions.Configuration.EnvironmentVariables.EnvironmentVariablesConfigurationProvider">
            <summary>
            Provides configuration key-value pairs that are obtained from environment variables.
            </summary>
        </member>
        <member name="M:Microsoft.Extensions.Configuration.EnvironmentVariables.EnvironmentVariablesConfigurationProvider.#ctor">
            <summary>
            Initializes a new instance.
            </summary>
        </member>
        <member name="M:Microsoft.Extensions.Configuration.EnvironmentVariables.EnvironmentVariablesConfigurationProvider.#ctor(System.String)">
            <summary>
            Initializes a new instance with the specified prefix.
            </summary>
            <param name="prefix">A prefix used to filter the environment variables.</param>
        </member>
        <member name="M:Microsoft.Extensions.Configuration.EnvironmentVariables.EnvironmentVariablesConfigurationProvider.Load">
            <summary>
            Loads the environment variables.
            </summary>
        </member>
        <member name="M:Microsoft.Extensions.Configuration.EnvironmentVariables.EnvironmentVariablesConfigurationProvider.ToString">
            <summary>
            Generates a string representing this provider name and relevant details.
            </summary>
            <returns>The configuration name.</returns>
        </member>
        <member name="T:Microsoft.Extensions.Configuration.EnvironmentVariables.EnvironmentVariablesConfigurationSource">
            <summary>
            Represents environment variables as an <see cref="T:Microsoft.Extensions.Configuration.IConfigurationSource"/>.
            </summary>
        </member>
        <member name="P:Microsoft.Extensions.Configuration.EnvironmentVariables.EnvironmentVariablesConfigurationSource.Prefix">
            <summary>
            A prefix used to filter environment variables.
            </summary>
        </member>
        <member name="M:Microsoft.Extensions.Configuration.EnvironmentVariables.EnvironmentVariablesConfigurationSource.Build(Microsoft.Extensions.Configuration.IConfigurationBuilder)">
            <summary>
            Builds the <see cref="T:Microsoft.Extensions.Configuration.EnvironmentVariables.EnvironmentVariablesConfigurationProvider"/> for this source.
            </summary>
            <param name="builder">The <see cref="T:Microsoft.Extensions.Configuration.IConfigurationBuilder"/>.</param>
            <returns>A <see cref="T:Microsoft.Extensions.Configuration.EnvironmentVariables.EnvironmentVariablesConfigurationProvider"/>.</returns>
        </member>
        <member name="T:Microsoft.Extensions.Configuration.EnvironmentVariablesExtensions">
            <summary>
            Provides extension methods for registering <see cref="T:Microsoft.Extensions.Configuration.EnvironmentVariables.EnvironmentVariablesConfigurationProvider"/> with <see cref="T:Microsoft.Extensions.Configuration.IConfigurationBuilder"/>.
            </summary>
        </member>
        <member name="M:Microsoft.Extensions.Configuration.EnvironmentVariablesExtensions.AddEnvironmentVariables(Microsoft.Extensions.Configuration.IConfigurationBuilder)">
            <summary>
            Adds an <see cref="T:Microsoft.Extensions.Configuration.IConfigurationProvider"/> that reads configuration values from environment variables.
            </summary>
            <param name="configurationBuilder">The <see cref="T:Microsoft.Extensions.Configuration.IConfigurationBuilder"/> to add to.</param>
            <returns>The <see cref="T:Microsoft.Extensions.Configuration.IConfigurationBuilder"/>.</returns>
        </member>
        <member name="M:Microsoft.Extensions.Configuration.EnvironmentVariablesExtensions.AddEnvironmentVariables(Microsoft.Extensions.Configuration.IConfigurationBuilder,System.String)">
            <summary>
            Adds an <see cref="T:Microsoft.Extensions.Configuration.IConfigurationProvider"/> that reads configuration values from environment variables
            with a specified prefix.
            </summary>
            <param name="configurationBuilder">The <see cref="T:Microsoft.Extensions.Configuration.IConfigurationBuilder"/> to add to.</param>
            <param name="prefix">The prefix that environment variable names must start with. The prefix will be removed from the environment variable names.</param>
            <returns>The <see cref="T:Microsoft.Extensions.Configuration.IConfigurationBuilder"/>.</returns>
        </member>
        <member name="M:Microsoft.Extensions.Configuration.EnvironmentVariablesExtensions.AddEnvironmentVariables(Microsoft.Extensions.Configuration.IConfigurationBuilder,System.Action{Microsoft.Extensions.Configuration.EnvironmentVariables.EnvironmentVariablesConfigurationSource})">
            <summary>
            Adds an <see cref="T:Microsoft.Extensions.Configuration.IConfigurationProvider"/> that reads configuration values from environment variables.
            </summary>
            <param name="builder">The <see cref="T:Microsoft.Extensions.Configuration.IConfigurationBuilder"/> to add to.</param>
            <param name="configureSource">The action that configures the source.</param>
            <returns>The <see cref="T:Microsoft.Extensions.Configuration.IConfigurationBuilder"/>.</returns>
        </member>
        <member name="T:System.Runtime.InteropServices.LibraryImportAttribute">
            <summary>
            Attribute used to indicate a source generator should create a function for marshalling
            arguments instead of relying on the runtime to generate an equivalent marshalling function at run-time.
            </summary>
            <remarks>
            This attribute is meaningless if the source generator associated with it is not enabled.
            The current built-in source generator only supports C# and only supplies an implementation when
            applied to static, partial, non-generic methods.
            </remarks>
        </member>
        <member name="M:System.Runtime.InteropServices.LibraryImportAttribute.#ctor(System.String)">
            <summary>
            Initializes a new instance of the <see cref="T:System.Runtime.InteropServices.LibraryImportAttribute"/>.
            </summary>
            <param name="libraryName">Name of the library containing the import.</param>
        </member>
        <member name="P:System.Runtime.InteropServices.LibraryImportAttribute.LibraryName">
            <summary>
            Gets the name of the library containing the import.
            </summary>
        </member>
        <member name="P:System.Runtime.InteropServices.LibraryImportAttribute.EntryPoint">
            <summary>
            Gets or sets the name of the entry point to be called.
            </summary>
        </member>
        <member name="P:System.Runtime.InteropServices.LibraryImportAttribute.StringMarshalling">
            <summary>
            Gets or sets how to marshal string arguments to the method.
            </summary>
            <remarks>
            If this field is set to a value other than <see cref="F:System.Runtime.InteropServices.StringMarshalling.Custom" />,
            <see cref="P:System.Runtime.InteropServices.LibraryImportAttribute.StringMarshallingCustomType" /> must not be specified.
            </remarks>
        </member>
        <member name="P:System.Runtime.InteropServices.LibraryImportAttribute.StringMarshallingCustomType">
            <summary>
            Gets or sets the <see cref="T:System.Type"/> used to control how string arguments to the method are marshalled.
            </summary>
            <remarks>
            If this field is specified, <see cref="P:System.Runtime.InteropServices.LibraryImportAttribute.StringMarshalling" /> must not be specified
            or must be set to <see cref="F:System.Runtime.InteropServices.StringMarshalling.Custom" />.
            </remarks>
        </member>
        <member name="P:System.Runtime.InteropServices.LibraryImportAttribute.SetLastError">
            <summary>
            Gets or sets whether the callee sets an error (SetLastError on Windows or errno
            on other platforms) before returning from the attributed method.
            </summary>
        </member>
        <member name="T:System.Runtime.InteropServices.StringMarshalling">
            <summary>
            Specifies how strings should be marshalled for generated p/invokes
            </summary>
        </member>
        <member name="F:System.Runtime.InteropServices.StringMarshalling.Custom">
            <summary>
            Indicates the user is supplying a specific marshaller in <see cref="P:System.Runtime.InteropServices.LibraryImportAttribute.StringMarshallingCustomType"/>.
            </summary>
        </member>
        <member name="F:System.Runtime.InteropServices.StringMarshalling.Utf8">
            <summary>
            Use the platform-provided UTF-8 marshaller.
            </summary>
        </member>
        <member name="F:System.Runtime.InteropServices.StringMarshalling.Utf16">
            <summary>
            Use the platform-provided UTF-16 marshaller.
            </summary>
        </member>
        <member name="T:System.Diagnostics.CodeAnalysis.AllowNullAttribute">
            <summary>Specifies that null is allowed as an input even if the corresponding type disallows it.</summary>
        </member>
        <member name="T:System.Diagnostics.CodeAnalysis.DisallowNullAttribute">
            <summary>Specifies that null is disallowed as an input even if the corresponding type allows it.</summary>
        </member>
        <member name="T:System.Diagnostics.CodeAnalysis.MaybeNullAttribute">
            <summary>Specifies that an output may be null even if the corresponding type disallows it.</summary>
        </member>
        <member name="T:System.Diagnostics.CodeAnalysis.NotNullAttribute">
            <summary>Specifies that an output will not be null even if the corresponding type allows it. Specifies that an input argument was not null when the call returns.</summary>
        </member>
        <member name="T:System.Diagnostics.CodeAnalysis.MaybeNullWhenAttribute">
            <summary>Specifies that when a method returns <see cref="P:System.Diagnostics.CodeAnalysis.MaybeNullWhenAttribute.ReturnValue"/>, the parameter may be null even if the corresponding type disallows it.</summary>
        </member>
        <member name="M:System.Diagnostics.CodeAnalysis.MaybeNullWhenAttribute.#ctor(System.Boolean)">
            <summary>Initializes the attribute with the specified return value condition.</summary>
            <param name="returnValue">
            The return value condition. If the method returns this value, the associated parameter may be null.
            </param>
        </member>
        <member name="P:System.Diagnostics.CodeAnalysis.MaybeNullWhenAttribute.ReturnValue">
            <summary>Gets the return value condition.</summary>
        </member>
        <member name="T:System.Diagnostics.CodeAnalysis.NotNullWhenAttribute">
            <summary>Specifies that when a method returns <see cref="P:System.Diagnostics.CodeAnalysis.NotNullWhenAttribute.ReturnValue"/>, the parameter will not be null even if the corresponding type allows it.</summary>
        </member>
        <member name="M:System.Diagnostics.CodeAnalysis.NotNullWhenAttribute.#ctor(System.Boolean)">
            <summary>Initializes the attribute with the specified return value condition.</summary>
            <param name="returnValue">
            The return value condition. If the method returns this value, the associated parameter will not be null.
            </param>
        </member>
        <member name="P:System.Diagnostics.CodeAnalysis.NotNullWhenAttribute.ReturnValue">
            <summary>Gets the return value condition.</summary>
        </member>
        <member name="T:System.Diagnostics.CodeAnalysis.NotNullIfNotNullAttribute">
            <summary>Specifies that the output will be non-null if the named parameter is non-null.</summary>
        </member>
        <member name="M:System.Diagnostics.CodeAnalysis.NotNullIfNotNullAttribute.#ctor(System.String)">
            <summary>Initializes the attribute with the associated parameter name.</summary>
            <param name="parameterName">
            The associated parameter name.  The output will be non-null if the argument to the parameter specified is non-null.
            </param>
        </member>
        <member name="P:System.Diagnostics.CodeAnalysis.NotNullIfNotNullAttribute.ParameterName">
            <summary>Gets the associated parameter name.</summary>
        </member>
        <member name="T:System.Diagnostics.CodeAnalysis.DoesNotReturnAttribute">
            <summary>Applied to a method that will never return under any circumstance.</summary>
        </member>
        <member name="T:System.Diagnostics.CodeAnalysis.DoesNotReturnIfAttribute">
            <summary>Specifies that the method will not return if the associated Boolean parameter is passed the specified value.</summary>
        </member>
        <member name="M:System.Diagnostics.CodeAnalysis.DoesNotReturnIfAttribute.#ctor(System.Boolean)">
            <summary>Initializes the attribute with the specified parameter value.</summary>
            <param name="parameterValue">
            The condition parameter value. Code after the method will be considered unreachable by diagnostics if the argument to
            the associated parameter matches this value.
            </param>
        </member>
        <member name="P:System.Diagnostics.CodeAnalysis.DoesNotReturnIfAttribute.ParameterValue">
            <summary>Gets the condition parameter value.</summary>
        </member>
        <member name="T:System.Diagnostics.CodeAnalysis.MemberNotNullAttribute">
            <summary>Specifies that the method or property will ensure that the listed field and property members have not-null values.</summary>
        </member>
        <member name="M:System.Diagnostics.CodeAnalysis.MemberNotNullAttribute.#ctor(System.String)">
            <summary>Initializes the attribute with a field or property member.</summary>
            <param name="member">
            The field or property member that is promised to be not-null.
            </param>
        </member>
        <member name="M:System.Diagnostics.CodeAnalysis.MemberNotNullAttribute.#ctor(System.String[])">
            <summary>Initializes the attribute with the list of field and property members.</summary>
            <param name="members">
            The list of field and property members that are promised to be not-null.
            </param>
        </member>
        <member name="P:System.Diagnostics.CodeAnalysis.MemberNotNullAttribute.Members">
            <summary>Gets field or property member names.</summary>
        </member>
        <member name="T:System.Diagnostics.CodeAnalysis.MemberNotNullWhenAttribute">
            <summary>Specifies that the method or property will ensure that the listed field and property members have not-null values when returning with the specified return value condition.</summary>
        </member>
        <member name="M:System.Diagnostics.CodeAnalysis.MemberNotNullWhenAttribute.#ctor(System.Boolean,System.String)">
            <summary>Initializes the attribute with the specified return value condition and a field or property member.</summary>
            <param name="returnValue">
            The return value condition. If the method returns this value, the associated field or property member will not be null.
            </param>
            <param name="member">
            The field or property member that is promised to be not-null.
            </param>
        </member>
        <member name="M:System.Diagnostics.CodeAnalysis.MemberNotNullWhenAttribute.#ctor(System.Boolean,System.String[])">
            <summary>Initializes the attribute with the specified return value condition and list of field and property members.</summary>
            <param name="returnValue">
            The return value condition. If the method returns this value, the associated field and property members will not be null.
            </param>
            <param name="members">
            The list of field and property members that are promised to be not-null.
            </param>
        </member>
        <member name="P:System.Diagnostics.CodeAnalysis.MemberNotNullWhenAttribute.ReturnValue">
            <summary>Gets the return value condition.</summary>
        </member>
        <member name="P:System.Diagnostics.CodeAnalysis.MemberNotNullWhenAttribute.Members">
            <summary>Gets field or property member names.</summary>
        </member>
    </members>
</doc>
